{
	"partitions" : [
		{
			"name" : "Top",
			"pins" : [
				{
					"name" : "outputs[0]",
					"strict" : false
				},
				{
					"name" : "outputs[1]",
					"strict" : false
				},
				{
					"name" : "outputs[2]",
					"strict" : false
				},
				{
					"name" : "outputs[3]",
					"strict" : false
				},
				{
					"name" : "enable",
					"strict" : false
				},
				{
					"name" : "inputs[1]",
					"strict" : false
				},
				{
					"name" : "inputs[0]",
					"strict" : false
				}
			]
		}
	]
}